<?xml version="1.0" encoding="UTF-8" standalone="yes"?>
<addon id="repository.hacker0x00"
       name="Hacker0x00 Repository"
       version="1.0"
       provider-name="Hacker0x00">
    <requires>
        <import addon="xbmc.python" version="1.0.0"/>
    </requires>
    <extension point="xbmc.addon.repository">
        <info>repository.hacker0x00</info>
        <checksum>repository.hacker0x00</checksum>
        <datadir zip="true">special://home/addons/packages</datadir>
        <broken>false</broken>
        <assets>
            <icon>icon.png</icon>
            <fanart>fanart.jpg</fanart>
        </assets>
    </extension>
    <extension point="xbmc.addon.metadata">
        <summary lang="en_GB">ThePromise</summary>
        <description lang="en_GB">We are Unplugged</description>
        <platform>all</platform>
        <license>PIRATING</license>
        <forum />
        <website />
        <source />
        <disclaimer lang="en_GB">The author of this add-on does not host any of the content which is found and has no affiliation with any of the content providers. This add-on simply searches websites for content. Use at your own risk![CR]This project uses the TMDb, Trakt, Fanart.tv APIs, but is not affiliated nor endorsed by any of their respective organizations.[CR]Please support these organizations however you can.</disclaimer>
    </extension>
    <extension point="xbmc.addon.addon">
        <name>ThePromise</name>
        <requires>
            <import addon="plugin.video.thepromise"/>
        </requires>
    </extension>
</addon>